{
  "$schema": "./node_modules/@biomejs/biome/configuration_schema.json",
  "organizeImports": {
    "enabled": false
  },
  "formatter": {
    "enabled": true,
    "indentSize": 2,
    "indentStyle": "space",
    "lineWidth": 120,
    "ignore": [
      "src/abstract-leveldown.d.ts",
      "src/rocksdb.d.ts",
      "packages/core/src/protobufs/generated/*",
      "packages/hub-nodejs/src/generated/*",
      "packages/hub-web/src/generated/*"
    ]
  },
  "linter": {
    "enabled": true,
    "rules": {
      "recommended": true,
      "complexity": {
        "useLiteralKeys": "off"
      }
    },
    "ignore": [
      "src/abstract-leveldown.d.ts",
      "src/rocksdb.d.ts",
      "packages/core/src/protobufs/generated/*",
      "packages/hub-nodejs/src/generated/*",
      "packages/hub-web/src/generated/*"
    ]
  }
}
